<?xml version="1.0" encoding="utf-8"?>
<manifest xmlns="http://www.imsproject.org/xsd/imscp_rootv1p1p2"
          xmlns:adlcp="http://www.adlnet.org/xsd/adlcp_rootv1p2"
          xmlns:xsi="http://www.w3.org/2001/XMLSchema-instance"
          identifier="SCORM_Manifest"
          version="1.2"
          xsi:schemaLocation="http://www.imsproject.org/xsd/imscp_rootv1p1p2 imscp_rootv1p1p2.xsd http://www.imsglobal.org/xsd/imsmd_rootv1p2p1 imsmd_rootv1p2p1.xsd http://www.adlnet.org/xsd/adlcp_rootv1p2 adlcp_rootv1p2.xsd"
          >
          
   <organizations default="SCORM">
      <organization identifier="SCORM">
         <title>ADL SCORM 1.1 Test Course (browser independent)</title>
           <item identifier="I_A100007" identifierref="A100007">
              <title>ADL SCORM Version 1.1 LMS Run-Time Environment Test - Course I - SCO #07</title>
              <adlcp:masteryscore xmlns:adlcp="http://www.adlnet.org/xsd/adlcp_rootv1p2">80</adlcp:masteryscore>
           </item>
         <metadata>
            <schema>ADL SCORM</schema>
            <schemaversion>1.2</schemaversion>
            <adlcp:location xmlns:adlcp="http://www.adlnet.org/xsd/adlcp_rootv1p2">LMSTestCourse01.xml</adlcp:location>
         </metadata>
      </organization>
   </organizations>
   <resources>
      <resource xmlns:adlcp="http://www.adlnet.org/xsd/adlcp_rootv1p2" identifier="A100007" type="webcontent" adlcp:scormtype="sco" href="sco07.htm">
         <metadata>
            <schema>ADL SCORM</schema>
            <schemaversion>1.2</schemaversion>
            <imsmd:lom xmlns:imsmd="http://www.imsglobal.org/xsd/imsmd_rootv1p2p1">
               <imsmd:general>
                  <imsmd:title>
                     <imsmd:langstring>ADL SCORM Version 1.1 LMS Run-Time Environment Test - Course I - SCO #07</imsmd:langstring>
                  </imsmd:title>
                  <imsmd:description>
                     <imsmd:langstring>This SCO allows ad-hoc user interactive testing of the LMS for SCORM
                     Run-Time Environment conformance.</imsmd:langstring>
                  </imsmd:description>
               </imsmd:general>
               <imsmd:lifecycle>
                  <imsmd:version>
                     <imsmd:langstring>1.1</imsmd:langstring>
                  </imsmd:version>
                  <imsmd:status>
                     <imsmd:source>
                        <imsmd:langstring xml:lang="x-none">LOMv1.0</imsmd:langstring>
                     </imsmd:source>
                     <imsmd:value>
                        <imsmd:langstring xml:lang="x-none">Final</imsmd:langstring>
                     </imsmd:value>
                  </imsmd:status>
                  <imsmd:contribute>
                     <imsmd:role>
                        <imsmd:source>
                           <imsmd:langstring xml:lang="x-none">LOMv1.0</imsmd:langstring>
                        </imsmd:source>
                        <imsmd:value>
                           <imsmd:langstring xml:lang="x-none">Author</imsmd:langstring>
                        </imsmd:value>
                     </imsmd:role>
                     <imsmd:centity>
                        <imsmd:vcard>
BEGIN:vCard
ORG:Docent
END:vCard
</imsmd:vcard>
                     </imsmd:centity>
                  </imsmd:contribute>
               </imsmd:lifecycle>
            </imsmd:lom>
         </metadata>
         <file href="sco07.htm"/>
      </resource>
   </resources>
</manifest>