<?xml version="1.0"?>
<!DOCTYPE record SYSTEM "dtd/IMS_METADATAv1p1.dtd">

<record xmlns="http://www.imsproject.org/metadata/">
   <metametadata>
      <metadatascheme>ADL SCORM(TM) 1.1</metadatascheme>
   </metametadata>
   
   <general>
      <title>
         <langstring>
            ADL SCORM 1.1 Test Course (browser independent)
         </langstring>
      </title>
      <catalogentry>
         <catalogue>ADL Sample Courses Catalog</catalogue>
         <entry>
            <langstring>Course01</langstring>
         </entry>
      </catalogentry>
      <language>en-US</language>
      <description>
         <langstring>
            Truncated version of ADL course that is designed to test browser portability of
            LMS API Adapter. This course is used by the ADL SCORM Conformance Test Suite Version 1.1 -
            LMS Run-Time Environment Test to determine conformance of test subject Learning Management 
            Systems with the SCORM Version 1.1
         </langstring>
      </description>
      <keywords>
         <langstring>
            LMS SCORM(TM) Version 1.1 Run-time Environment Conformance Test
         </langstring>
      </keywords>
      <keywords>
         <langstring>Advanced Distributed Learning (ADL)</langstring>
      </keywords>
      <keywords>
         <langstring>LMS</langstring>
      </keywords>
      <keywords>
         <langstring>test</langstring>
      </keywords>
   </general>
   
   <lifecycle>
      <version>
         <langstring>1.1</langstring>
      </version>
      <status>
         <langstring>Final</langstring>
      </status>
      <contribute>
         <role>
            <langstring>Author</langstring>
         </role>
         <centity>
            <vcard>
               BEGIN:vCard
               ORG:ADL Technical Team
               END:vCard
            </vcard>
         </centity>
         <date>
            <datetime>2001-04-13</datetime>
         </date>
      </contribute>
   </lifecycle>
   
   <technical>
      <format>
         <langstring>text/html</langstring>
      </format>
      <size>349367</size>
      <location type="URI">LMSTestCourse01</location>
      <requirements>
         <type>
            <langstring>Browser</langstring>
         </type>
         <name>
            <langstring>Microsoft Internet Explorer</langstring>
         </name>
         <minimumversion>5.0</minimumversion>
      </requirements>
   </technical>
   
   <educational>
      <learningresourcetype>
         <langstring>Narrative Text</langstring>
      </learningresourcetype>
      <typicallearningtime>
         <datetime>1:00:00</datetime>
      </typicallearningtime>
   </educational>
   
   <rights>
      <cost>
         <langstring>no</langstring>
      </cost>
      <copyrightandotherrestrictions>
         <langstring>no</langstring>
      </copyrightandotherrestrictions>
   </rights>
   
   <classification>
      <purpose>
         <langstring>Discipline</langstring>
      </purpose>
      <description>
         <langstring>
            ADL SCORM(TM) Version 1.1 LMS Run-time Environment Conformance test
         </langstring>
      </description>
      <keywords>
         <langstring>
            ADL SCORM(TM) Version 1.1 LMS Run-time Environment Conformance
         </langstring>
      </keywords>
      <keywords>
         <langstring>Run-time</langstring>
      </keywords>
      <keywords>
         <langstring>test</langstring>
      </keywords>
   </classification>
</record>