<?xml version ="1.0"?>
<!DOCTYPE RECORD SYSTEM "dtd/IMS-MD01.dtd">
<RECORD xmlns = "http://www.imsproject.org/metadata/">
	<METAMETADATA>
		<METADATASCHEME>ADL SCORM 1.0</METADATASCHEME>
	</METAMETADATA>
	<GENERAL>
		<TITLE>
			<LANGSTRING>ADL SCORM 1.0 Test Course (browser independent)</LANGSTRING>
		</TITLE>
		<CATALOGENTRY>
			<CATALOGUE>ADL Sample Courses Catalog</CATALOGUE>
			<ENTRY>
				<LANGSTRING>Course01</LANGSTRING>
			</ENTRY>
		</CATALOGENTRY>
		<LANGUAGE>en</LANGUAGE>
		<DESCRIPTION>
			<LANGSTRING>
                Truncated version of ADL course that is designed to test browser portability of
                LMS API Adapter. This course is used by the ADL SCORM Conformance Test Suite Version 1.1 -
                LMS Run-Time Environment Test to determine conformance of test subject Learning Management 
                Systems with the SCORM Version 1.1
			</LANGSTRING>
		</DESCRIPTION>
		<KEYWORDS>
			<LANGSTRING>LMS SCORM Version 1.0 Runtime Environment Conformance Test</LANGSTRING>
		</KEYWORDS>
		<KEYWORDS>
			<LANGSTRING>Advanced Distributed Learning (ADL)</LANGSTRING>
		</KEYWORDS>
	</GENERAL>
	<LIFECYCLE>
		<VERSION>
			<LANGSTRING>0.2</LANGSTRING>
		</VERSION>
		<STATUS>
			<LANGSTRING>Draft</LANGSTRING>
		</STATUS>
		<CONTRIBUTE>
			<ROLE>
				<LANGSTRING>Author</LANGSTRING>
			</ROLE>
			<CENTITY>
				<VCARD>BEGIN:vCard
ORG:ADLI Project, Concurrent Technologies Corporation
END:vCard</VCARD>
			</CENTITY>
			<DATE>
				<DATETIME>2000-06-15</DATETIME>
			</DATE>
		</CONTRIBUTE>
	</LIFECYCLE>
	<TECHNICAL>
		<FORMAT>
			<LANGSTRING>text/html</LANGSTRING>
		</FORMAT>
		<SIZE>272249</SIZE>
		<LOCATION type = "URI">LMSTestCourse01</LOCATION>
		<REQUIREMENTS>
			<TYPE>
				<LANGSTRING>Browser</LANGSTRING>
			</TYPE>
			<NAME>
				<LANGSTRING>Microsoft Internet Explorer</LANGSTRING>
			</NAME>
			<MINIMUMVERSION>5.0</MINIMUMVERSION>
		</REQUIREMENTS>
	</TECHNICAL>
	<EDUCATIONAL>
		<LEARNINGRESOURCETYPE>
			<LANGSTRING>Narrative Text</LANGSTRING>
		</LEARNINGRESOURCETYPE>
		<TYPICALLEARNINGTIME>
			<DATETIME>0000-00-00T01:00:00</DATETIME>
		</TYPICALLEARNINGTIME>
	</EDUCATIONAL>
	<RIGHTS>
		<COST>
			<LANGSTRING>No</LANGSTRING>
		</COST>
		<COPYRIGHTOROTHERRESTRICTIONS>
			<LANGSTRING>No</LANGSTRING>
		</COPYRIGHTOROTHERRESTRICTIONS>
	</RIGHTS>
	<CLASSIFICATION>
		<PURPOSE>
			<LANGSTRING>Discipline</LANGSTRING>
		</PURPOSE>
		<DESCRIPTION>
			<LANGSTRING>ADL SCORM Version 1.0 LMS Runtime Environment Conformance</LANGSTRING>
		</DESCRIPTION>
		<KEYWORDS>
			<LANGSTRING>ADL SCORM Version 1.0 LMS Runtime Environment Conformance</LANGSTRING>
		</KEYWORDS>
	</CLASSIFICATION>
</RECORD>
