<?xml version="1.0" encoding="UTF-8"?> 
<!DOCTYPE course SYSTEM "dtd/scormcsf(1.1).dtd">
<content>   
	<!-- The whole course -->
	<block id = "B0">            
		<identification>         
			<title>MBA入門「アカウンティング」</title>         
			<description>Truncated version of ADL course that is designed to test browser portability of
                        LMS API Adapter. This course is used by the ADL SCORM Conformance Test Suite Version 1.1 -
                        LMS Run-Time Environment Test to determine conformance of test subject Learning Management 
                        Systems with the SCORM Version 1.1
                        </description>         
			<labels>            
				<curricular>COURSE</curricular>            
				<developer>1235566-9759498</developer>         
			</labels>      
		</identification>      
		<!-- Lesson 01: ADL SCORM Test Lesson I -->
		      
		<block id = "B100">         
			<identification>            
				<title>ADL SCORM Test Lesson I</title>            
				<description>This lesson performs testing of Learning Management Systems for
                                        conformance to the SCORM Version 1.1 
                                </description>            
				<labels>               
					<curricular>LESSON</curricular>               
					<developer>9934u939-2393938</developer>            
				</labels>         
			</identification>         
			<!-- SCO01: References and Objectives -->
			<sco id = "A100007">            
				<identification>               
					<title>ADL SCORM Version 1.1 LMS Run-Time Environment Test - Course I - SCO #07</title>               
					<description>This SCO allows ad-hoc user interactive testing of the LMS for SCORM
                                        Run-Time Environment conformance.</description>               
					<labels>                  
						<curricular>SCO</curricular>                  
						<developer>1-07</developer>               
					</labels>            
				</identification>  
				<launch>               
					<location><![CDATA[scorm/sco07.htm]]></location>            
					<parameterString><![CDATA[a=test&b=test]]></parameterString>            
				</launch>
                <masteryScore>80</masteryScore>
			</sco>         
  
                 
                </block>   
	</block>
</content>
