<?xml version="1.0"?>
<!-- edited with XMLSPY v5 U (http://www.xmlspy.com) by Brad Diller (Docent, Inc.) -->
<!DOCTYPE course SYSTEM "dtd/scormcsf(1.0).dtd">
<course>
	<globalProperties>
		<externalMetadata>
			<source>ADL</source>
			<model>ADL SCORM 1.0</model>
			<location>LMSTestCourse01_1-0.xml</location>
		</externalMetadata>
		<curricularTaxonomy>
			<model>ADL Test Suite LMS Course Model</model>
		</curricularTaxonomy>
	</globalProperties>
	<!-- The whole course -->
	<block id="B0">
		<identification>
			<title>ADL SCORM 1.0 Test Course (browser independent)</title>
			<description>Truncated version of ADL course that is designed to test browser portability of
                        LMS API Adapter. This course is used by the ADL SCORM Conformance Test Suite Version 1.0 -
                        LMS Run-Time Environment Test to determine conformance of test subject Learning Management 
                        Systems with the SCORM Version 1.0
                        </description>
			<labels>
				<curricular>COURSE</curricular>
				<developer>1235566-9759498</developer>
			</labels>
		</identification>
		<!-- Lesson 01: ADL SCORM Test Lesson I -->
		<block id="B100">
			<identification>
				<title>ADL SCORM Test Lesson I</title>
				<description>This lesson performs testing of Learning Management Systems for
                                        conformance to the SCORM Version 1.0 
                                </description>
				<labels>
					<curricular>LESSON</curricular>
					<developer>9934u939-2393938</developer>
				</labels>
			</identification>
			<!-- SCO01: References and Objectives -->
			<au id="A100001">
				<identification>
					<title>SCORM Sample Course</title>
					<description>Truncated version of ADL course that is designed to test browser portability 
					of LMS API Adapter and also demonstrate of use of navigation JavaScript API's
					in SCORM courseware. This course is used by the ADL SCORM Conformance Test Suite 
                    Version 1.0.</description>
					<labels>
						<curricular>SCO</curricular>
						<developer>Docent</developer>
					</labels>
				</identification>
				<launch>
					<location><![CDATA[intro.htm]]></location>
				</launch>
			</au>
			<au id="A100007">
				<identification>
					<title>ADL SCORM Version 1.0 LMS Run-Time Environment Test - Course I - SCO #07</title>
					<description>This SCO allows ad-hoc user interactive testing of the LMS for SCORM
                                        Run-Time Environment conformance.</description>
					<labels>
						<curricular>SCO</curricular>
						<developer>Docent</developer>
					</labels>
				</identification>
				<launch>
					<location><![CDATA[sco07.htm]]></location>
				</launch>
				<masteryScore>80</masteryScore>
			</au>
		</block>
	</block>
</course>
